tick,timestamp,gas_read_ms,temp_read_ms,fusion_ms,actuation_ms,mqtt_publish_ms,total_loop_ms,budget_ok
1,14:51:30,0.099,0.011,0.079,0.051,0.095,0.341,True
2,14:51:30,0.041,0.002,0.056,0.02,0.005,0.128,True
3,14:51:30,0.02,0.001,10.146,15.204,0.003,25.375,True
4,14:51:30,0.035,0.003,0.045,0.013,0.003,0.1,True
5,14:51:30,0.021,0.001,0.026,0.01,0.002,0.061,True
6,14:51:30,0.016,0.001,0.018,0.009,0.002,0.047,True
7,14:51:30,0.014,0.001,0.018,0.008,0.001,0.044,True
8,14:51:30,0.015,0.001,0.017,0.008,0.002,0.044,True
9,14:51:30,0.018,0.001,0.022,0.009,0.002,0.053,True
10,14:51:31,0.016,0.001,0.02,0.008,0.002,0.108,True
11,14:51:31,0.045,0.003,0.049,0.014,0.003,0.116,True
12,14:51:31,0.03,0.002,0.039,0.013,0.003,0.089,True
13,14:51:31,0.02,0.001,0.026,0.01,0.004,0.062,True
14,14:51:31,0.015,0.001,0.023,0.01,0.001,0.051,True
15,14:51:31,0.015,0.001,0.024,0.008,0.001,0.05,True
16,14:51:31,0.013,0.001,0.018,0.008,0.001,0.042,True
17,14:51:31,0.013,0.001,0.02,0.007,0.001,0.043,True
18,14:51:31,0.014,0.001,0.017,0.008,0.001,0.042,True
19,14:51:31,0.012,0.001,0.015,0.009,0.002,0.04,True
20,14:51:32,0.014,0.001,0.017,0.009,0.001,0.829,True
21,14:51:32,0.035,0.002,0.061,0.03,0.003,0.134,True
22,14:51:32,0.022,0.002,0.036,0.016,0.002,0.08,True
23,14:51:32,0.013,0.001,0.018,0.009,0.001,0.043,True
24,14:51:32,0.014,0.001,0.02,0.009,0.002,0.048,True
25,14:51:32,0.012,0.001,5.09,0.01,0.008,5.122,True
26,14:51:32,0.011,0.001,0.022,0.008,0.001,0.044,True
27,14:51:32,0.063,0.005,0.099,0.047,0.011,0.23,True
28,14:51:32,0.035,0.002,0.053,0.012,0.002,0.106,True
29,14:51:32,0.021,0.001,0.029,0.014,0.002,0.068,True
30,14:51:33,0.036,0.002,0.049,0.012,0.002,0.163,True
31,14:51:33,0.045,0.002,0.084,0.04,0.003,0.189,True
32,14:51:33,0.039,0.002,0.051,0.013,0.003,0.11,True
33,14:51:33,0.017,0.002,0.032,0.015,0.002,0.07,True
34,14:51:33,0.018,0.001,0.032,0.015,0.002,0.069,True
35,14:51:33,0.022,0.001,0.025,0.009,0.001,0.059,True
36,14:51:33,0.017,0.001,0.021,0.007,0.001,0.048,True
37,14:51:33,0.023,0.001,0.028,0.008,0.001,0.068,True
38,14:51:33,0.019,0.001,0.019,0.008,0.001,0.049,True
39,14:51:33,0.01,0.001,0.018,0.008,0.001,0.039,True
40,14:51:34,0.021,0.002,0.035,0.015,0.002,0.13,True
41,14:51:34,0.042,0.003,0.075,0.04,0.003,0.163,True
42,14:51:34,0.031,0.002,0.033,0.011,0.002,0.081,True
43,14:51:34,0.026,0.007,0.031,0.016,0.002,0.085,True
44,14:51:34,0.017,0.001,0.031,0.015,0.002,0.067,True
45,14:51:34,0.012,0.001,0.018,0.009,0.002,0.043,True
46,14:51:34,0.017,0.001,0.02,0.007,0.001,0.047,True
47,14:51:34,0.02,0.001,0.022,0.019,0.002,0.066,True
48,14:51:34,0.017,0.001,0.023,0.011,0.002,0.055,True
49,14:51:34,0.015,0.001,0.022,0.011,0.002,0.053,True
50,14:51:35,0.02,0.002,15.213,0.012,0.002,16.102,True
51,14:51:35,0.038,0.003,0.048,0.014,0.003,0.108,True
52,14:51:35,0.04,0.002,0.061,0.027,0.003,0.135,True
53,14:51:35,0.017,0.001,0.029,0.023,0.002,0.072,True
54,14:51:35,0.016,0.001,0.022,0.008,0.002,0.05,True
55,14:51:35,0.015,0.001,0.03,0.023,0.002,0.072,True
56,14:51:35,0.013,0.001,0.019,0.008,0.001,0.043,True
57,14:51:35,0.015,0.001,0.016,0.008,0.001,0.042,True
58,14:51:35,0.012,0.001,0.026,0.023,0.002,0.065,True
59,14:51:35,0.015,0.001,0.018,0.008,0.001,0.045,True
60,14:51:36,0.023,0.002,0.026,0.009,0.002,0.13,True
61,14:51:36,0.032,0.002,0.039,0.012,0.003,0.09,True
62,14:51:36,0.021,0.002,0.023,0.01,0.002,0.058,True
63,14:51:36,0.014,0.001,0.03,0.023,0.002,0.071,True
64,14:51:36,0.014,0.001,0.022,0.009,0.001,0.048,True
65,14:51:36,0.014,0.001,0.019,0.008,0.001,0.044,True
66,14:51:36,0.016,0.001,0.018,0.007,0.001,0.045,True
67,14:51:36,0.014,0.001,0.016,0.008,0.001,0.041,True
68,14:51:36,0.014,0.001,0.016,0.012,0.001,0.045,True
69,14:51:36,0.012,0.001,0.015,0.012,0.001,0.043,True
70,14:51:37,0.024,0.002,0.028,0.012,0.002,0.109,True
71,14:51:37,0.03,0.002,0.04,0.012,0.002,0.088,True
72,14:51:37,0.018,0.002,0.026,0.011,0.002,0.059,True
73,14:51:37,0.013,0.001,10.146,0.011,0.002,10.174,True
74,14:51:37,0.013,0.001,0.025,0.023,0.002,0.065,True
75,14:51:37,0.016,0.001,0.019,0.008,0.001,0.047,True
76,14:51:37,0.015,0.001,0.019,0.008,0.001,0.045,True
77,14:51:37,0.013,0.001,0.017,0.007,0.002,0.041,True
78,14:51:37,0.015,0.001,0.018,0.008,0.001,0.045,True
79,14:51:38,0.019,0.001,0.032,0.009,0.002,0.064,True
80,14:51:38,0.026,0.002,0.033,0.011,0.003,0.143,True
81,14:51:38,0.035,0.002,0.043,0.012,0.003,0.098,True
82,14:51:38,0.024,0.001,0.029,0.01,0.002,0.067,True
83,14:51:38,0.015,0.001,0.02,0.008,0.001,0.046,True
84,14:51:38,0.014,0.001,0.016,0.008,0.001,0.042,True
85,14:51:38,0.012,0.001,0.026,0.023,0.002,0.064,True
86,14:51:38,0.014,0.001,0.02,0.007,0.001,0.045,True
87,14:51:38,0.014,0.001,0.018,0.008,0.001,0.044,True
88,14:51:38,0.012,0.001,0.018,0.008,0.001,0.041,True
89,14:51:39,0.016,0.001,0.019,0.008,0.001,0.045,True
90,14:51:39,0.025,0.002,0.028,0.01,0.002,0.109,True
91,14:51:39,0.043,0.003,0.065,0.026,0.003,0.142,True
92,14:51:39,0.021,0.001,0.028,0.009,0.002,0.063,True
93,14:51:39,0.016,0.001,0.021,0.008,0.001,0.048,True
94,14:51:39,0.018,0.001,0.021,0.008,0.001,0.05,True
95,14:51:39,0.014,0.001,0.019,0.009,0.002,0.045,True
96,14:51:39,0.013,0.001,10.146,0.011,0.002,10.174,True
97,14:51:39,0.013,0.002,0.017,0.008,0.002,0.043,True
98,14:51:39,0.012,0.001,0.025,0.022,0.001,0.063,True
99,14:51:40,0.016,0.001,0.022,0.01,0.002,0.053,True
100,14:51:40,0.04,0.002,0.059,0.014,0.269,0.727,True
101,14:51:40,0.041,0.004,0.056,0.022,0.004,0.128,True
102,14:51:40,0.024,0.002,0.032,0.012,0.002,0.073,True
103,14:51:40,0.018,0.001,0.022,0.012,0.002,0.057,True
104,14:51:40,0.019,0.002,0.037,0.011,0.002,0.072,True
105,14:51:40,0.019,0.002,0.021,0.012,0.002,0.057,True
106,14:51:40,0.017,0.001,0.025,0.01,0.002,0.056,True
107,14:51:40,0.015,0.001,0.025,0.01,0.002,0.054,True
108,14:51:40,0.017,0.001,0.036,0.01,0.002,0.068,True
109,14:51:41,0.018,0.001,0.024,0.011,0.002,0.057,True
110,14:51:41,0.027,0.002,0.036,0.012,0.002,0.128,True
111,14:51:41,0.037,0.004,0.051,0.015,0.003,0.112,True
112,14:51:41,0.019,0.002,0.024,0.013,0.002,0.061,True
113,14:51:41,0.019,0.002,0.025,0.01,0.002,0.059,True
114,14:51:41,0.018,0.002,0.022,0.012,0.002,0.057,True
115,14:51:41,0.018,0.001,0.022,0.012,0.002,0.056,True
116,14:51:41,0.016,0.001,0.026,0.01,0.002,0.057,True
117,14:51:41,0.016,0.001,0.026,0.01,0.002,0.057,True
118,14:51:41,0.016,0.001,5.091,5.086,0.002,10.199,True
119,14:51:42,0.015,0.001,5.095,10.142,0.003,15.257,True
120,14:51:42,0.026,0.002,0.031,0.01,0.002,0.12,True
121,14:51:42,0.033,0.003,0.044,0.012,0.003,0.097,True
122,14:51:42,0.018,0.001,0.023,0.008,0.002,0.054,True
123,14:51:42,0.016,0.001,0.019,0.01,0.001,0.048,True
124,14:51:42,0.014,0.001,0.018,0.008,0.002,0.044,True
125,14:51:42,0.015,0.001,0.017,0.01,0.001,0.045,True
126,14:51:42,0.013,0.001,0.016,0.008,0.001,0.04,True
127,14:51:42,0.013,0.001,0.025,0.008,0.001,0.05,True
128,14:51:42,0.014,0.001,0.018,0.009,0.002,0.046,True
129,14:51:43,0.018,0.001,0.024,0.009,0.002,0.054,True
130,14:51:43,0.015,0.001,0.02,0.008,0.001,0.089,True
131,14:51:43,0.034,0.003,0.043,0.013,0.002,0.097,True
132,14:51:43,0.016,0.001,0.021,0.008,0.002,0.05,True
133,14:51:43,0.018,0.001,0.03,0.009,0.001,0.061,True
134,14:51:43,0.014,0.001,0.017,0.01,0.002,0.045,True
135,14:51:43,0.014,0.001,0.017,0.008,0.001,0.043,True
136,14:51:43,0.012,0.001,0.015,0.009,0.001,0.04,True
137,14:51:43,0.013,0.001,0.021,0.009,0.001,0.046,True
138,14:51:43,0.015,0.001,0.019,0.009,0.001,0.047,True
139,14:51:44,0.017,0.001,0.024,0.01,0.002,0.055,True
140,14:51:44,0.015,0.001,0.022,0.01,0.002,0.085,True
141,14:51:44,0.028,0.003,0.041,0.013,0.002,0.088,True
142,14:51:44,0.015,0.001,5.086,0.011,0.002,5.116,True
143,14:51:44,0.015,0.001,5.068,0.01,0.002,5.097,True
144,14:51:44,0.015,0.001,0.023,0.009,0.001,0.05,True
145,14:51:44,0.014,0.001,0.03,0.01,0.001,0.058,True
146,14:51:44,0.013,0.001,0.017,0.007,0.001,0.04,True
147,14:51:44,0.012,0.001,0.015,0.009,0.001,0.039,True
148,14:51:44,0.013,0.001,0.017,0.007,0.001,0.041,True
149,14:51:45,0.02,0.002,0.027,0.013,0.002,0.065,True
150,14:51:45,0.015,0.001,0.019,0.021,0.002,0.1,True
151,14:51:45,0.034,0.003,0.045,0.013,0.003,0.1,True
152,14:51:45,0.019,0.001,0.025,0.009,0.002,0.056,True
153,14:51:45,0.015,0.001,0.023,0.009,0.002,0.051,True
154,14:51:45,0.015,0.001,0.022,0.009,0.001,0.049,True
155,14:51:45,0.014,0.001,0.017,0.01,0.001,0.044,True
156,14:51:45,0.015,0.001,0.022,0.009,0.002,0.05,True
157,14:51:45,0.014,0.001,0.016,0.009,0.001,0.042,True
158,14:51:45,0.013,0.001,0.017,0.009,0.001,0.043,True
159,14:51:46,0.025,0.002,0.033,0.01,0.002,0.074,True
160,14:51:46,0.016,0.001,0.02,0.009,0.002,0.095,True
161,14:51:46,0.035,0.003,0.051,0.014,0.003,0.109,True
162,14:51:46,0.019,0.001,0.025,0.009,0.002,0.057,True
163,14:51:46,0.014,0.001,0.018,0.008,0.001,0.043,True
164,14:51:46,0.014,0.001,0.025,0.008,0.002,0.051,True
165,14:51:46,0.015,0.001,10.14,0.01,0.002,10.169,True
166,14:51:46,0.013,0.001,0.027,0.009,0.002,0.053,True
167,14:51:46,0.014,0.001,0.018,0.009,0.002,0.044,True
168,14:51:46,0.016,0.002,0.023,0.01,0.002,0.054,True
169,14:51:47,0.027,0.002,0.039,0.013,0.003,0.085,True
170,14:51:47,0.018,0.002,0.028,0.012,0.002,0.918,True
171,14:51:47,0.04,0.003,0.055,0.018,0.004,0.122,True
172,14:51:47,0.017,0.001,0.022,0.012,0.002,0.056,True
173,14:51:47,0.018,0.001,0.024,0.01,0.002,0.058,True
174,14:51:47,0.015,0.001,0.024,0.012,0.002,0.056,True
175,14:51:47,0.013,0.001,0.029,0.009,0.002,0.055,True
176,14:51:47,0.017,0.001,0.02,0.012,0.002,0.054,True
177,14:51:47,0.014,0.001,0.019,0.009,0.002,0.046,True
178,14:51:47,0.014,0.001,0.021,0.009,0.002,0.049,True
179,14:51:48,0.022,0.002,0.031,0.012,0.003,0.072,True
180,14:51:48,0.019,0.001,0.024,0.01,0.002,0.099,True
181,14:51:48,0.035,0.003,0.043,0.013,0.002,0.098,True
182,14:51:48,0.016,0.001,0.02,0.011,0.002,0.051,True
183,14:51:48,0.018,0.001,0.027,0.012,0.002,0.061,True
184,14:51:48,0.013,0.001,0.016,0.009,0.002,0.042,True
185,14:51:48,0.011,0.001,0.014,0.008,0.002,0.037,True
186,14:51:48,0.017,0.001,0.024,0.011,0.002,0.056,True
187,14:51:48,0.015,0.001,0.019,0.01,0.002,0.048,True
188,14:51:49,0.012,0.001,0.016,0.008,0.001,0.039,True
189,14:51:49,0.026,0.002,10.161,0.013,0.003,10.206,True
190,14:51:49,0.014,0.001,0.018,0.008,0.002,0.095,True
191,14:51:49,0.033,0.002,0.045,0.012,0.003,0.097,True
192,14:51:49,0.014,0.001,0.017,0.011,0.001,0.045,True
193,14:51:49,0.015,0.001,0.022,0.008,0.002,0.05,True
194,14:51:49,0.012,0.003,0.016,0.007,0.001,0.041,True
195,14:51:49,0.01,0.001,0.014,0.018,0.002,0.046,True
196,14:51:49,0.013,0.001,0.027,0.024,0.002,0.068,True
197,14:51:49,0.012,0.001,0.015,0.008,0.002,0.038,True
198,14:51:50,0.01,0.001,0.012,0.007,0.001,0.033,True
199,14:51:50,0.069,0.003,0.036,0.012,0.002,0.125,True
200,14:51:50,0.039,0.003,0.044,0.013,0.197,1.121,True
201,14:51:50,0.044,0.003,0.067,0.016,0.003,0.135,True
202,14:51:50,0.037,0.002,0.037,0.016,0.002,0.096,True
203,14:51:50,0.022,0.001,0.032,0.015,0.002,0.072,True
204,14:51:50,0.014,0.001,0.016,0.009,0.001,0.041,True
205,14:51:50,0.012,0.001,0.019,0.008,0.001,0.042,True
206,14:51:50,0.013,0.001,0.016,0.008,0.001,0.04,True
207,14:51:50,0.018,0.001,0.029,0.007,0.001,0.057,True
208,14:51:51,0.012,0.001,0.029,0.007,0.001,0.051,True
209,14:51:51,0.022,0.002,0.036,0.016,0.002,0.08,True
210,14:51:51,0.015,0.002,0.03,0.015,0.002,0.12,True
211,14:51:51,0.029,0.003,0.054,0.013,0.003,0.103,True
212,14:51:51,0.024,0.001,0.03,0.01,0.002,0.067,True
213,14:51:51,0.02,0.001,0.022,0.009,0.001,0.054,True
214,14:51:51,0.013,0.001,0.029,0.008,0.002,0.06,True
215,14:51:51,0.013,0.001,0.017,0.008,0.002,0.042,True
216,14:51:51,0.012,0.001,0.031,0.008,0.002,0.054,True
217,14:51:51,0.019,0.001,0.016,0.008,0.001,0.046,True
218,14:51:52,0.02,0.001,0.019,0.008,0.001,0.05,True
219,14:51:52,0.03,0.002,0.035,0.016,0.003,0.088,True
220,14:51:52,0.015,0.007,0.019,0.009,0.002,0.086,True
221,14:51:52,0.046,0.004,0.062,0.015,0.004,0.132,True
222,14:51:52,0.023,0.002,0.036,0.018,0.002,0.083,True
223,14:51:52,0.02,0.001,0.025,0.008,0.002,0.062,True
224,14:51:52,0.018,0.001,0.016,0.008,0.002,0.046,True
225,14:51:52,0.012,0.001,0.029,0.008,0.002,0.052,True
226,14:51:52,0.013,0.008,0.016,0.009,0.001,0.048,True
227,14:51:52,0.013,0.001,0.02,0.008,0.001,0.045,True
228,14:51:53,0.012,0.001,0.015,0.008,0.001,0.038,True
229,14:51:53,0.026,0.001,0.033,0.014,0.002,0.078,True
230,14:51:53,0.015,0.001,0.028,0.007,0.002,0.371,True
231,14:51:53,0.039,0.003,0.05,0.017,0.003,0.115,True
232,14:51:53,0.021,0.001,0.023,0.011,0.002,0.06,True
233,14:51:53,0.015,0.001,0.014,0.009,0.001,0.041,True
234,14:51:53,0.013,0.001,0.023,0.007,0.001,0.046,True
235,14:51:53,0.012,0.001,0.016,0.008,0.001,0.039,True
236,14:51:53,0.017,0.001,0.019,0.009,0.002,0.049,True
237,14:51:53,0.013,0.001,0.013,0.008,0.001,0.037,True
238,14:51:54,0.048,0.004,0.059,0.019,0.005,0.137,True
239,14:51:54,0.026,0.002,0.026,0.011,0.002,0.068,True
240,14:51:54,0.023,0.002,0.029,0.012,0.002,0.121,True
241,14:51:54,0.039,0.003,0.044,0.014,0.003,0.104,True
242,14:51:54,0.025,0.002,0.059,0.029,0.003,0.121,True
243,14:51:54,0.017,0.001,0.025,0.011,0.002,0.059,True
244,14:51:54,0.016,0.001,0.022,0.011,0.002,0.052,True
245,14:51:54,0.02,0.001,0.024,0.011,0.002,0.06,True
246,14:51:54,0.016,0.001,0.017,0.011,0.002,0.048,True
247,14:51:54,0.015,0.001,0.016,0.011,0.002,0.045,True
248,14:51:55,0.048,0.004,0.061,0.019,0.005,0.139,True
249,14:51:55,0.021,0.001,0.03,0.021,0.002,0.076,True
250,14:51:55,0.022,0.002,0.027,0.013,0.002,0.123,True
251,14:51:55,0.044,0.004,0.056,0.015,0.004,0.125,True
252,14:51:55,0.027,0.002,0.033,0.012,0.003,0.078,True
253,14:51:55,0.022,0.001,0.026,0.011,0.002,0.064,True
254,14:51:55,0.018,0.001,0.02,0.01,0.002,0.053,True
255,14:51:55,0.021,0.001,0.026,0.011,0.002,0.062,True
256,14:51:55,0.018,0.001,0.021,0.009,0.002,0.053,True
257,14:51:55,0.017,0.001,0.019,0.009,0.002,0.051,True
258,14:51:56,0.046,0.005,0.069,0.022,0.006,0.151,True
259,14:51:56,0.017,0.001,5.081,5.091,0.002,10.193,True
260,14:51:56,0.019,0.001,0.02,0.008,0.002,0.119,True
261,14:51:56,0.033,0.003,0.042,0.013,0.003,0.095,True
262,14:51:56,0.021,0.002,0.024,0.009,0.002,0.059,True
263,14:51:56,0.013,0.001,0.016,0.008,0.001,0.04,True
264,14:51:56,0.013,0.003,0.014,0.007,0.001,0.039,True
265,14:51:56,0.017,0.001,0.017,0.01,0.002,0.048,True
266,14:51:56,0.012,0.001,0.023,0.008,0.002,0.046,True
267,14:51:56,0.011,0.001,0.012,0.008,0.001,0.033,True
268,14:51:57,0.03,0.002,0.035,0.011,0.003,0.083,True
269,14:51:57,0.017,0.001,0.02,0.008,0.001,0.05,True
270,14:51:57,0.018,0.001,0.021,0.008,0.002,0.096,True
271,14:51:57,0.031,0.002,0.041,0.012,0.002,0.091,True
272,14:51:57,0.018,0.001,0.021,0.01,0.002,0.052,True
273,14:51:57,0.013,0.001,0.014,0.007,0.001,0.037,True
274,14:51:57,0.012,0.001,0.012,0.007,0.001,0.034,True
275,14:51:57,0.016,0.001,0.02,0.009,0.001,0.048,True
276,14:51:57,0.012,0.001,0.013,0.008,0.002,0.036,True
277,14:51:57,0.011,0.001,0.015,0.008,0.001,0.036,True
278,14:51:58,0.027,0.003,0.033,0.011,0.003,0.078,True
279,14:51:58,0.015,0.001,0.02,0.008,0.001,0.046,True
280,14:51:58,0.018,0.001,0.019,0.01,0.002,0.093,True
281,14:51:58,0.032,0.003,5.105,0.016,0.003,5.161,True
282,14:51:58,0.019,0.001,0.023,0.009,0.002,0.055,True
283,14:51:58,0.013,0.001,0.016,0.008,0.001,0.039,True
284,14:51:58,0.011,0.001,0.012,0.007,0.001,0.033,True
285,14:51:58,0.017,0.001,0.017,0.01,0.002,0.047,True
286,14:51:58,0.012,0.001,0.012,0.006,0.001,0.034,True
287,14:51:58,0.014,0.001,0.016,0.007,0.001,0.04,True
288,14:51:59,0.023,0.003,0.029,0.011,0.002,0.07,True
289,14:51:59,0.017,0.002,0.019,0.009,0.002,0.049,True
290,14:51:59,0.017,0.001,0.021,0.008,0.002,0.112,True
291,14:51:59,0.036,0.003,0.057,0.014,0.003,0.116,True
292,14:51:59,0.02,0.001,0.021,0.01,0.002,0.055,True
293,14:51:59,0.013,0.001,0.024,0.007,0.001,0.048,True
294,14:51:59,0.011,0.001,0.012,0.007,0.001,0.033,True
295,14:51:59,0.017,0.001,0.017,0.01,0.002,0.048,True
296,14:51:59,0.014,0.001,0.023,0.007,0.001,0.047,True
297,14:51:59,0.011,0.001,0.011,0.009,0.001,0.034,True
298,14:52:00,0.032,0.003,0.041,0.012,0.004,0.093,True
299,14:52:00,0.019,0.001,0.029,0.009,0.002,0.06,True
300,14:52:00,0.019,0.001,0.019,0.01,0.137,0.229,True
301,14:52:00,0.037,0.004,0.05,0.014,0.003,0.11,True
302,14:52:00,0.024,0.001,0.028,0.01,0.002,0.066,True
303,14:52:00,0.015,0.001,0.016,0.009,0.001,0.043,True
304,14:52:00,0.012,0.001,0.012,0.008,0.001,0.036,True
305,14:52:00,0.017,0.001,15.204,0.011,0.002,15.235,True
306,14:52:00,0.013,0.001,0.021,0.009,0.002,0.046,True
307,14:52:01,0.013,0.001,0.021,0.008,0.001,0.045,True
308,14:52:01,0.032,0.003,0.039,0.013,0.003,0.092,True
309,14:52:01,0.018,0.001,0.021,0.012,0.002,0.055,True
310,14:52:01,0.021,0.002,0.025,0.01,0.002,0.115,True
311,14:52:01,0.039,0.003,0.046,0.015,0.003,0.108,True
312,14:52:01,0.025,0.002,0.028,0.012,0.003,0.071,True
313,14:52:01,0.017,0.001,0.018,0.013,0.002,0.052,True
314,14:52:01,0.015,0.001,0.02,0.009,0.002,0.049,True
315,14:52:01,0.019,0.001,0.021,0.01,0.002,0.056,True
316,14:52:01,0.017,0.001,0.019,0.009,0.002,0.05,True
317,14:52:02,0.017,0.001,0.018,0.01,0.002,0.048,True
318,14:52:02,0.036,0.003,0.039,0.015,0.003,0.098,True
319,14:52:02,0.025,0.001,0.027,0.011,0.002,0.068,True
320,14:52:02,0.027,0.002,0.03,0.011,0.002,2.125,True
321,14:52:02,0.038,0.003,0.048,0.017,0.003,0.111,True
322,14:52:02,0.022,0.01,0.039,0.019,0.002,0.094,True
323,14:52:02,0.014,0.001,0.016,0.008,0.002,0.042,True
324,14:52:02,0.013,0.001,0.016,0.007,0.001,0.039,True
325,14:52:02,0.015,0.001,0.019,0.008,0.002,0.046,True
326,14:52:02,0.014,0.001,0.017,0.008,0.002,0.043,True
327,14:52:03,0.014,0.001,0.024,0.022,0.002,0.063,True
328,14:52:03,0.027,0.003,5.092,5.097,0.004,10.225,True
329,14:52:03,0.018,0.001,10.16,0.012,0.002,10.195,True
330,14:52:03,0.015,0.001,0.017,0.008,0.002,0.659,True
331,14:52:03,0.038,0.003,0.05,0.014,0.003,0.111,True
332,14:52:03,0.021,0.002,0.024,0.012,0.002,0.061,True
333,14:52:03,0.014,0.001,0.015,0.011,0.001,0.044,True
334,14:52:03,0.017,0.001,0.017,0.01,0.002,0.047,True
335,14:52:03,0.013,0.001,0.013,0.007,0.001,0.036,True
336,14:52:03,0.012,0.001,0.012,0.007,0.001,0.034,True
337,14:52:04,0.021,0.002,0.025,0.009,0.002,0.06,True
338,14:52:04,0.02,0.002,0.025,0.009,0.002,0.057,True
339,14:52:04,0.018,0.001,0.02,0.009,0.002,0.051,True
340,14:52:04,0.013,0.001,0.014,0.007,0.002,0.069,True
341,14:52:04,0.033,0.003,0.042,0.013,0.003,0.096,True
342,14:52:04,0.017,0.001,0.022,0.008,0.002,0.051,True
343,14:52:04,0.014,0.001,0.018,0.008,0.002,0.045,True
344,14:52:04,0.016,0.001,0.019,0.009,0.002,0.047,True
345,14:52:04,0.016,0.001,0.026,0.023,0.002,0.07,True
346,14:52:04,0.016,0.001,0.015,0.008,0.002,0.042,True
347,14:52:05,0.023,0.002,0.041,0.021,0.003,0.09,True
348,14:52:05,0.019,0.001,0.021,0.008,0.002,0.052,True
349,14:52:05,0.021,0.002,0.026,0.009,0.002,0.061,True
350,14:52:05,0.02,0.001,0.02,0.008,0.002,0.113,True
351,14:52:05,0.035,0.003,0.047,5.077,0.004,5.168,True
352,14:52:05,0.024,0.002,10.128,5.089,0.003,15.248,True
353,14:52:05,0.018,0.001,0.024,0.009,0.002,0.056,True
354,14:52:05,0.02,0.001,0.024,0.009,0.002,0.059,True
355,14:52:05,0.017,0.001,0.018,0.008,0.002,0.047,True
356,14:52:05,0.016,0.001,0.016,0.008,0.002,0.043,True
357,14:52:06,0.022,0.001,0.025,0.009,0.002,0.06,True
358,14:52:06,0.026,0.002,0.03,0.01,0.002,0.073,True
359,14:52:06,0.021,0.003,0.023,0.009,0.002,0.06,True
360,14:52:06,0.018,0.001,0.019,0.008,0.002,0.107,True
361,14:52:06,0.035,0.003,0.041,0.013,0.003,0.096,True
362,14:52:06,0.023,0.002,0.027,0.01,0.002,0.065,True
363,14:52:06,0.018,0.001,0.024,0.008,0.002,0.055,True
364,14:52:06,0.019,0.001,0.02,0.008,0.002,0.051,True
365,14:52:06,0.013,0.001,0.014,0.008,0.001,0.038,True
366,14:52:06,0.013,0.001,0.012,0.007,0.001,0.034,True
367,14:52:07,0.02,0.001,0.022,0.009,0.002,0.055,True
368,14:52:07,0.019,0.001,0.023,0.009,0.002,0.055,True
369,14:52:07,0.021,0.002,0.024,0.011,0.002,0.061,True
370,14:52:07,0.015,0.001,0.02,0.007,0.002,0.089,True
371,14:52:07,0.036,0.003,0.046,0.014,0.003,0.104,True
372,14:52:07,0.028,0.002,0.036,0.012,0.003,0.083,True
373,14:52:07,0.02,0.001,0.035,0.011,0.002,0.07,True
374,14:52:07,0.023,0.002,0.028,0.013,0.002,0.069,True
375,14:52:07,0.013,0.001,5.086,0.009,0.002,5.111,True
376,14:52:07,0.013,0.001,0.016,0.008,0.001,0.039,True
377,14:52:08,0.023,0.002,0.028,0.011,0.002,0.067,True
378,14:52:08,0.019,0.001,0.03,0.024,0.002,0.078,True
379,14:52:08,0.018,0.002,0.019,0.009,0.002,0.051,True
380,14:52:08,0.016,0.001,0.016,0.008,0.001,0.103,True
381,14:52:08,0.033,0.003,0.044,0.013,0.003,0.096,True
382,14:52:08,0.022,0.001,0.027,0.008,0.002,0.061,True
383,14:52:08,0.015,0.001,0.017,0.008,0.001,0.043,True
384,14:52:08,0.02,0.002,0.025,0.009,0.002,0.058,True
385,14:52:08,0.014,0.001,0.016,0.009,0.001,0.042,True
386,14:52:08,0.014,0.001,0.023,0.007,0.001,0.046,True
387,14:52:09,0.029,0.003,0.035,0.011,0.003,0.082,True
388,14:52:09,0.015,0.001,0.019,0.008,0.001,0.046,True
389,14:52:09,0.016,0.001,0.021,0.009,0.001,0.051,True
390,14:52:09,0.013,0.001,0.017,0.008,0.002,0.084,True
391,14:52:09,0.034,0.003,0.043,0.013,0.003,0.098,True
392,14:52:09,0.02,0.001,0.022,0.009,0.002,0.055,True
393,14:52:09,0.014,0.001,0.018,0.008,0.002,0.043,True
394,14:52:09,0.016,0.002,0.019,0.009,0.002,0.049,True
395,14:52:09,0.016,0.001,0.02,0.009,0.002,0.049,True
396,14:52:09,0.013,0.001,0.013,0.007,0.001,0.037,True
397,14:52:10,0.027,0.002,0.031,0.011,0.002,0.074,True
398,14:52:10,0.017,0.001,0.022,0.009,0.002,0.051,True
399,14:52:10,0.017,0.001,5.08,0.011,10.314,15.426,True
400,14:52:10,0.018,0.001,0.026,0.01,0.002,0.088,True
401,14:52:10,0.042,0.003,0.052,0.015,0.004,0.118,True
402,14:52:10,0.018,0.001,0.023,0.009,0.002,0.055,True
403,14:52:10,0.013,0.001,0.013,0.007,0.001,0.036,True
404,14:52:10,0.017,0.002,0.023,0.008,0.002,0.052,True
405,14:52:10,0.013,0.001,0.018,0.007,0.002,0.042,True
406,14:52:11,0.012,0.001,0.012,0.007,0.002,0.034,True
407,14:52:11,0.026,0.002,0.028,0.01,0.003,0.07,True
408,14:52:11,0.015,0.001,0.015,0.009,0.002,0.041,True
409,14:52:11,0.016,0.001,0.018,0.008,0.002,0.045,True
410,14:52:11,0.013,0.001,0.023,0.008,0.001,0.683,True
411,14:52:11,0.039,0.003,0.051,0.017,0.003,0.115,True
412,14:52:11,0.021,0.001,0.022,0.011,0.002,0.059,True
413,14:52:11,0.018,0.001,0.019,0.01,0.002,0.051,True
414,14:52:11,0.017,0.001,0.018,0.01,0.002,0.049,True
415,14:52:11,0.017,0.001,0.019,0.009,0.002,0.049,True
416,14:52:12,0.017,0.001,0.018,0.01,0.002,0.048,True
417,14:52:12,0.044,0.004,0.046,0.014,0.004,0.114,True
418,14:52:12,0.028,0.002,0.032,0.011,0.003,0.078,True
419,14:52:12,0.022,0.001,0.022,0.009,0.002,0.059,True
420,14:52:12,0.016,0.001,0.021,0.008,0.002,0.081,True
421,14:52:12,0.034,0.003,10.176,0.018,0.003,10.237,True
422,14:52:12,0.019,0.001,0.025,0.01,0.002,0.059,True
423,14:52:12,0.017,0.001,0.02,0.008,0.002,0.049,True
424,14:52:12,0.019,0.002,0.025,0.011,0.002,0.06,True
425,14:52:12,0.018,0.001,0.023,0.01,0.002,0.056,True
426,14:52:13,0.02,0.001,0.026,0.01,0.002,0.061,True
427,14:52:13,0.029,0.003,0.035,0.013,0.002,0.083,True
428,14:52:13,0.021,0.001,0.029,0.011,0.002,0.065,True
429,14:52:13,0.024,0.001,0.027,0.01,0.002,0.065,True
430,14:52:13,0.019,0.001,0.021,0.012,0.002,0.107,True
431,14:52:13,0.039,0.003,0.05,0.015,0.003,0.112,True
432,14:52:13,0.023,0.002,0.03,0.011,0.002,0.069,True
433,14:52:13,0.022,0.002,0.023,0.012,0.002,0.061,True
434,14:52:13,0.019,0.001,0.023,0.01,0.002,0.057,True
435,14:52:13,0.021,0.002,0.028,0.011,0.002,0.064,True
436,14:52:14,0.021,0.002,0.022,0.011,0.002,0.06,True
437,14:52:14,0.027,0.002,0.034,0.011,0.003,0.079,True
438,14:52:14,0.023,0.002,0.029,0.012,0.002,0.069,True
439,14:52:14,0.022,0.002,0.023,0.012,0.002,0.061,True
440,14:52:14,0.021,0.002,0.026,0.011,0.002,0.114,True
441,14:52:14,0.051,0.003,0.08,0.031,0.003,0.17,True
442,14:52:14,0.024,0.002,0.028,0.011,0.003,0.069,True
443,14:52:14,0.024,0.002,0.027,0.01,0.002,0.067,True
444,14:52:14,0.02,0.002,0.035,0.012,0.002,0.072,True
445,14:52:14,0.017,0.001,0.02,0.009,0.001,0.049,True
446,14:52:15,0.024,0.002,5.09,0.019,0.002,5.138,True
447,14:52:15,0.018,0.001,0.023,0.009,0.002,0.055,True
448,14:52:15,0.015,0.001,0.019,0.009,0.002,0.047,True
449,14:52:15,0.017,0.001,0.028,0.008,0.001,0.056,True
450,14:52:15,0.017,0.001,0.022,0.009,0.001,0.094,True
451,14:52:15,0.04,0.003,0.049,0.013,0.003,0.11,True
452,14:52:15,0.023,0.002,0.027,0.011,0.002,0.067,True
453,14:52:15,0.018,0.001,0.021,0.01,0.002,0.053,True
454,14:52:15,0.015,0.001,0.017,0.009,0.001,0.044,True
455,14:52:15,0.016,0.001,0.019,0.01,0.001,0.049,True
456,14:52:16,0.028,0.003,0.034,0.01,0.002,0.078,True
457,14:52:16,0.02,0.001,0.026,0.008,0.002,0.059,True
458,14:52:16,0.017,0.001,0.018,0.01,0.002,0.049,True
459,14:52:16,0.018,0.001,0.029,0.008,0.002,0.059,True
460,14:52:16,0.017,0.001,0.026,0.008,0.002,0.097,True
461,14:52:16,0.039,0.003,0.046,0.014,0.003,0.107,True
462,14:52:16,0.021,0.001,0.022,0.008,0.002,0.056,True
463,14:52:16,0.018,0.002,0.025,0.009,0.002,0.056,True
464,14:52:16,0.017,0.001,0.017,0.008,0.001,0.046,True
465,14:52:16,0.015,0.001,0.02,0.008,0.001,0.046,True
466,14:52:17,0.029,0.003,0.034,0.009,0.002,0.078,True
467,14:52:17,0.02,0.002,0.024,0.009,0.002,0.056,True
468,14:52:17,0.017,0.001,5.08,0.01,0.002,5.11,True
469,14:52:17,0.017,0.001,0.021,0.009,0.002,0.05,True
470,14:52:17,0.016,0.001,0.018,0.008,0.002,0.089,True
471,14:52:17,0.035,0.003,0.043,0.012,0.003,0.098,True
472,14:52:17,0.017,0.001,0.02,0.008,0.002,0.05,True
473,14:52:17,0.019,0.001,0.02,0.009,0.002,0.052,True
474,14:52:17,0.015,0.001,0.022,0.01,0.002,0.051,True
475,14:52:17,0.016,0.001,0.018,0.009,0.001,0.046,True
476,14:52:18,0.026,0.001,0.03,0.009,0.002,0.07,True
477,14:52:18,0.024,0.002,0.03,0.01,0.002,0.068,True
478,14:52:18,0.019,0.001,0.024,0.008,0.002,0.055,True
479,14:52:18,0.018,0.002,0.029,0.008,0.002,0.059,True
480,14:52:18,0.016,0.001,0.017,0.009,0.001,0.094,True
481,14:52:18,0.039,0.003,0.049,0.014,0.003,0.11,True
482,14:52:18,0.02,0.002,0.026,0.009,0.002,0.059,True
483,14:52:18,0.017,0.001,0.021,0.007,0.001,0.049,True
484,14:52:18,0.016,0.001,0.017,0.01,0.002,0.046,True
485,14:52:18,0.015,0.001,0.016,0.007,0.001,0.041,True
486,14:52:19,0.027,0.003,0.035,0.01,0.002,0.079,True
487,14:52:19,0.021,0.002,0.024,0.009,0.002,0.059,True
488,14:52:19,0.018,0.001,0.019,0.01,0.002,0.051,True
489,14:52:19,0.017,0.001,0.022,0.009,0.002,0.052,True
490,14:52:19,0.019,0.001,0.02,0.008,0.001,0.096,True
491,14:52:19,0.034,0.003,5.088,0.024,0.003,5.154,True
492,14:52:19,0.019,0.001,0.024,0.01,0.002,0.058,True
493,14:52:19,0.019,0.001,0.024,0.009,0.002,0.056,True
494,14:52:19,0.016,0.001,0.025,0.008,0.002,0.054,True
495,14:52:19,0.02,0.001,0.033,0.012,0.002,0.07,True
496,14:52:20,0.036,0.003,0.048,0.015,0.003,0.108,True
497,14:52:20,0.026,0.002,0.032,0.013,0.01,0.085,True
498,14:52:20,0.023,0.002,0.025,0.013,0.002,0.066,True
499,14:52:20,0.022,0.001,0.023,0.012,0.17,0.23,True
500,14:52:20,0.023,0.001,0.026,0.011,0.002,0.117,True
501,14:52:20,0.049,0.003,0.054,0.016,0.004,0.129,True
502,14:52:20,0.029,0.002,0.035,0.011,0.003,0.082,True
503,14:52:20,0.026,0.002,0.028,0.012,0.002,0.072,True
504,14:52:20,0.021,0.002,0.04,0.026,0.003,0.094,True
505,14:52:20,0.022,0.002,0.028,0.012,0.002,0.068,True
506,14:52:21,0.038,0.003,0.047,0.015,0.004,0.11,True
507,14:52:21,0.024,0.002,0.029,0.011,0.003,0.07,True
508,14:52:21,0.022,0.002,0.023,0.013,0.002,0.064,True
509,14:52:21,0.02,0.002,0.025,0.012,0.002,0.062,True
510,14:52:21,0.021,0.001,0.028,0.012,0.002,0.116,True
511,14:52:21,0.051,0.004,0.081,0.038,0.004,0.18,True
512,14:52:21,0.023,0.002,0.044,0.04,0.003,0.114,True
513,14:52:21,0.027,0.002,0.026,0.01,0.002,0.069,True
514,14:52:21,0.021,0.002,0.024,0.012,0.002,0.062,True
515,14:52:22,0.016,0.001,0.021,0.009,0.002,0.05,True
516,14:52:22,0.026,0.002,0.034,0.011,0.002,0.078,True
517,14:52:22,0.017,0.001,0.021,0.009,0.002,0.052,True
518,14:52:22,0.017,0.001,0.03,0.024,0.002,0.076,True
519,14:52:22,0.018,0.001,0.018,0.008,0.002,0.048,True
520,14:52:22,0.015,0.001,0.017,0.008,0.001,0.099,True
521,14:52:22,0.037,0.003,0.048,0.014,0.003,0.107,True
522,14:52:22,0.018,0.001,0.021,0.009,0.001,0.052,True
523,14:52:22,0.019,0.001,0.02,0.01,0.002,0.052,True
524,14:52:22,0.018,0.001,0.023,0.009,0.001,0.053,True
525,14:52:23,0.041,0.004,0.051,0.014,0.003,0.115,True
526,14:52:23,0.021,0.002,0.025,0.009,0.002,0.059,True
527,14:52:23,0.018,0.001,0.02,0.009,0.002,0.051,True
528,14:52:23,0.018,0.001,0.031,0.009,0.002,0.061,True
529,14:52:23,0.018,0.001,0.021,0.008,0.002,0.051,True
530,14:52:23,0.015,0.001,0.019,0.008,0.002,0.087,True
531,14:52:23,0.037,0.003,0.048,0.013,0.003,0.106,True
532,14:52:23,0.018,0.001,0.023,0.009,0.002,0.055,True
533,14:52:23,0.02,0.001,0.023,0.01,0.002,0.057,True
534,14:52:23,0.016,0.001,0.021,0.009,0.002,0.049,True
535,14:52:24,0.037,0.003,0.046,0.012,0.004,0.104,True
536,14:52:24,0.019,0.002,0.021,0.009,0.002,0.053,True
537,14:52:24,0.018,0.001,0.028,0.009,0.002,0.059,True
538,14:52:24,0.017,0.001,0.019,0.009,0.002,0.049,True
539,14:52:24,0.02,0.001,0.023,0.008,0.001,0.055,True
540,14:52:24,0.016,0.001,0.018,0.01,0.001,1.927,True
541,14:52:24,0.035,0.003,0.046,0.014,0.003,0.103,True
542,14:52:24,0.025,0.002,0.028,0.01,0.002,0.069,True
543,14:52:24,0.02,0.002,0.023,0.009,0.002,0.056,True
544,14:52:24,0.018,0.001,0.019,0.008,0.002,0.05,True
545,14:52:25,0.025,0.002,0.028,0.01,0.002,0.069,True
546,14:52:25,0.017,0.001,0.024,0.009,0.002,0.054,True
547,14:52:25,0.018,0.001,0.02,0.009,0.002,0.051,True
548,14:52:25,0.017,0.001,0.017,0.008,0.002,0.046,True
549,14:52:25,0.015,0.001,0.027,0.025,0.002,0.072,True
550,14:52:25,0.014,0.001,0.018,0.007,0.001,0.15,True
551,14:52:25,0.035,0.003,0.048,0.014,0.003,0.106,True
552,14:52:25,0.031,0.003,0.038,0.012,0.003,0.089,True
553,14:52:25,0.023,0.002,0.028,0.01,0.002,0.066,True
554,14:52:25,0.02,0.001,0.022,0.008,0.002,0.055,True
555,14:52:26,0.03,0.002,0.035,0.01,0.003,0.081,True
556,14:52:26,0.019,0.001,0.022,0.009,0.002,0.054,True
557,14:52:26,0.018,0.001,0.026,0.01,0.002,0.058,True
558,14:52:26,0.016,0.001,0.022,0.009,0.002,0.051,True
559,14:52:26,0.016,0.001,0.019,0.019,0.002,0.057,True
560,14:52:26,0.018,0.001,0.022,0.009,0.002,5.796,True
561,14:52:26,0.033,0.002,5.106,5.083,0.004,10.231,True
562,14:52:26,0.022,0.001,10.154,0.013,0.002,10.194,True
563,14:52:26,0.017,0.001,0.017,0.01,0.002,0.048,True
564,14:52:27,0.016,0.001,0.03,0.011,0.002,0.061,True
565,14:52:27,0.033,0.003,0.04,0.014,0.004,0.096,True
566,14:52:27,0.017,0.001,0.018,0.011,0.002,0.051,True
567,14:52:27,0.021,0.001,0.028,0.011,0.002,0.065,True
568,14:52:27,0.016,0.001,0.017,0.011,0.002,0.049,True
569,14:52:27,0.02,0.001,0.027,0.011,0.002,0.063,True
570,14:52:27,0.016,0.001,0.016,0.009,0.002,0.082,True
571,14:52:27,0.044,0.004,0.054,0.016,0.004,0.125,True
572,14:52:27,0.027,0.002,0.031,0.011,0.002,0.075,True
573,14:52:27,0.016,0.001,0.03,0.01,0.002,0.06,True
574,14:52:28,0.015,0.001,0.016,0.01,0.002,0.044,True
575,14:52:28,0.033,0.002,0.04,0.013,0.003,0.094,True
576,14:52:28,0.016,0.001,0.023,0.011,0.002,0.055,True
577,14:52:28,0.02,0.002,0.022,0.01,0.002,0.057,True
578,14:52:28,0.015,0.001,0.017,0.011,0.002,0.047,True
579,14:52:28,0.019,0.001,0.02,0.012,0.002,0.056,True
580,14:52:28,0.015,0.001,0.016,0.009,0.002,0.093,True
581,14:52:28,0.045,0.004,0.055,0.016,0.004,0.127,True
582,14:52:28,0.028,0.002,0.031,0.012,0.002,0.076,True
583,14:52:28,0.018,0.001,0.02,0.01,0.002,0.051,True
584,14:52:29,0.016,0.001,5.089,0.011,0.002,5.12,True
585,14:52:29,0.028,0.002,10.201,0.014,0.003,10.25,True
586,14:52:29,0.015,0.001,0.016,0.008,0.002,0.043,True
587,14:52:29,0.016,0.001,0.017,0.01,0.002,0.047,True
588,14:52:29,0.012,0.001,0.013,0.009,0.001,0.038,True
589,14:52:29,0.015,0.001,0.016,0.01,0.002,0.044,True
590,14:52:29,0.013,0.001,0.013,0.008,0.001,0.084,True
591,14:52:29,0.04,0.004,0.049,0.013,0.003,0.111,True
592,14:52:29,0.024,0.002,0.029,0.009,0.002,0.067,True
593,14:52:29,0.013,0.001,0.024,0.007,0.001,0.048,True
594,14:52:30,0.014,0.001,0.018,0.008,0.001,0.043,True
595,14:52:30,0.032,0.003,0.038,0.01,0.003,0.087,True
596,14:52:30,0.015,0.001,0.017,0.009,0.002,0.043,True
597,14:52:30,0.016,0.001,0.022,0.007,0.002,0.05,True
598,14:52:30,0.012,0.001,0.014,0.007,0.139,0.175,True
599,14:52:30,0.017,0.001,0.019,0.01,0.002,0.05,True
600,14:52:30,0.016,0.001,0.015,0.009,0.001,0.075,True
601,14:52:30,0.039,0.003,0.048,0.013,0.003,0.11,True
602,14:52:30,0.03,0.002,0.044,0.012,0.003,0.092,True
603,14:52:30,0.02,0.002,0.021,0.009,0.002,0.054,True
604,14:52:31,0.015,0.001,0.015,0.007,0.002,0.042,True
605,14:52:31,0.031,0.003,0.034,0.012,0.003,0.084,True
606,14:52:31,0.017,0.001,0.017,0.009,0.001,0.047,True
607,14:52:31,0.018,0.001,10.192,0.011,0.002,10.225,True
608,14:52:31,0.017,0.001,5.103,5.075,0.002,10.2,True
609,14:52:31,0.016,0.001,0.017,0.01,0.002,0.047,True
610,14:52:31,0.013,0.001,0.022,0.008,0.002,0.078,True
611,14:52:31,0.037,0.003,0.045,0.013,0.003,0.102,True
612,14:52:31,0.026,0.002,0.031,0.01,0.002,0.073,True
613,14:52:31,0.014,0.001,0.015,0.008,0.002,0.041,True
614,14:52:32,0.014,0.001,0.014,0.009,0.001,0.039,True
615,14:52:32,0.024,0.002,0.028,0.01,0.002,0.067,True
616,14:52:32,0.015,0.001,0.016,0.009,0.002,0.043,True
617,14:52:32,0.015,0.001,0.017,0.01,0.002,0.046,True
618,14:52:32,0.014,0.001,0.014,0.009,0.002,0.041,True
619,14:52:32,0.016,0.001,0.016,0.008,0.002,0.043,True
620,14:52:32,0.014,0.001,0.015,0.008,0.001,0.081,True
621,14:52:32,0.035,0.003,0.048,0.014,0.004,0.105,True
622,14:52:32,0.019,0.002,0.022,0.009,0.002,0.056,True
623,14:52:32,0.016,0.001,0.026,0.008,0.002,0.054,True
624,14:52:33,0.012,0.001,0.013,0.007,0.001,0.035,True
625,14:52:33,0.022,0.002,0.028,0.009,0.002,0.064,True
626,14:52:33,0.014,0.001,0.016,0.008,0.001,0.042,True
627,14:52:33,0.015,0.001,0.016,0.008,0.002,0.042,True
628,14:52:33,0.014,0.001,0.017,0.009,0.001,0.043,True
629,14:52:33,0.016,0.001,0.017,0.011,0.002,0.047,True
630,14:52:33,0.013,0.001,0.015,0.008,0.001,5.156,True
631,14:52:33,0.031,0.003,5.1,0.017,0.003,5.155,True
632,14:52:33,0.021,0.001,0.027,0.011,0.002,0.065,True
633,14:52:33,0.018,0.001,0.021,0.014,0.002,0.058,True
634,14:52:34,0.032,0.002,0.035,0.013,0.003,0.088,True
635,14:52:34,0.022,0.002,0.028,0.011,0.003,0.066,True
636,14:52:34,0.02,0.001,0.021,0.01,0.002,0.056,True
637,14:52:34,0.019,0.002,0.022,0.01,0.002,0.057,True
638,14:52:34,0.021,0.002,0.022,0.01,0.002,0.058,True
639,14:52:34,0.018,0.001,0.024,0.011,0.002,0.059,True
640,14:52:34,0.016,0.001,0.018,0.009,0.002,0.115,True
641,14:52:34,0.041,0.003,0.052,0.015,0.003,0.116,True
642,14:52:34,0.027,0.002,0.035,0.011,0.003,0.08,True
643,14:52:34,0.019,0.001,0.023,0.011,0.002,0.058,True
644,14:52:35,0.029,0.002,0.036,0.012,0.003,0.084,True
645,14:52:35,0.025,0.002,0.028,0.011,0.002,0.07,True
646,14:52:35,0.022,0.001,0.033,0.01,0.002,0.07,True
647,14:52:35,0.022,0.002,0.024,0.012,0.002,0.063,True
648,14:52:35,0.021,0.001,0.025,0.01,0.002,0.061,True
649,14:52:35,0.017,0.001,0.02,0.011,0.002,0.052,True
650,14:52:35,0.016,0.001,0.028,0.009,0.002,0.105,True
651,14:52:35,0.045,0.004,0.055,0.034,0.004,0.144,True
652,14:52:35,0.038,0.003,0.056,0.017,0.003,0.119,True
653,14:52:35,0.023,0.001,0.03,0.011,0.002,0.069,True
654,14:52:36,0.024,0.002,5.091,0.012,0.002,5.133,True
655,14:52:36,0.027,0.002,10.157,0.02,0.003,10.209,True
656,14:52:36,0.019,0.001,0.023,0.009,0.002,0.055,True
657,14:52:36,0.016,0.001,0.018,0.009,0.002,0.046,True
658,14:52:36,0.015,0.001,0.016,0.007,0.001,0.041,True
659,14:52:36,0.012,0.001,0.022,0.007,0.001,0.043,True
660,14:52:36,0.011,0.001,0.011,0.008,0.001,0.064,True
661,14:52:36,0.037,0.003,0.045,0.012,0.003,0.101,True
662,14:52:36,0.018,0.001,0.021,0.008,0.001,0.051,True
663,14:52:36,0.013,0.001,0.024,0.007,0.001,0.048,True
664,14:52:37,0.017,0.001,0.021,0.007,0.002,0.049,True
665,14:52:37,0.012,0.001,0.021,0.008,0.001,0.044,True
666,14:52:37,0.013,0.001,0.014,0.008,0.001,0.038,True
667,14:52:37,0.015,0.001,0.019,0.008,0.002,0.045,True
668,14:52:37,0.015,0.001,0.017,0.008,0.002,0.044,True
669,14:52:37,0.014,0.001,0.015,0.007,0.002,0.04,True
670,14:52:37,0.013,0.001,0.014,0.023,0.002,0.114,True
671,14:52:37,0.043,0.003,0.063,0.026,0.003,0.14,True
672,14:52:37,0.028,0.002,0.029,0.011,0.002,0.074,True
673,14:52:37,0.021,0.002,0.021,0.009,0.002,0.056,True
674,14:52:38,0.025,0.002,0.028,0.01,0.002,0.067,True
675,14:52:38,0.017,0.001,0.018,0.008,0.002,0.047,True
676,14:52:38,0.019,0.001,0.021,0.008,0.002,0.052,True
677,14:52:38,0.016,0.001,5.076,5.091,0.002,10.187,True
678,14:52:38,0.015,0.001,0.018,0.009,0.002,0.045,True
679,14:52:38,0.016,0.001,0.014,0.007,0.002,0.041,True
680,14:52:38,0.014,0.001,0.025,0.022,0.002,0.123,True
681,14:52:38,0.033,0.003,0.039,0.012,0.002,0.091,True
682,14:52:38,0.022,0.003,0.026,0.009,0.002,0.064,True
683,14:52:38,0.023,0.002,0.023,0.008,0.002,0.059,True
684,14:52:39,0.025,0.012,0.04,0.024,0.003,0.105,True
685,14:52:39,0.022,0.002,0.023,0.009,0.002,0.058,True
686,14:52:39,0.023,0.002,0.023,0.009,0.002,0.059,True
687,14:52:39,0.019,0.001,0.017,0.008,0.002,0.047,True
688,14:52:39,0.018,0.001,0.018,0.008,0.002,0.048,True
689,14:52:39,0.016,0.001,0.015,0.007,0.002,0.042,True
690,14:52:39,0.013,0.001,0.014,0.022,0.002,0.114,True
691,14:52:39,0.036,0.003,0.039,0.012,0.003,0.094,True
692,14:52:39,0.024,0.002,0.025,0.009,0.002,0.063,True
693,14:52:40,0.017,0.001,0.021,0.008,0.002,0.05,True
694,14:52:40,0.027,0.002,0.027,0.01,0.003,0.07,True
695,14:52:40,0.015,0.001,0.017,0.008,0.002,0.044,True
696,14:52:40,0.02,0.001,0.019,0.009,0.002,0.052,True
697,14:52:40,0.016,0.001,0.018,0.008,0.002,0.045,True
698,14:52:40,0.02,0.001,0.018,0.008,0.137,0.186,True
699,14:52:40,0.016,0.001,0.021,0.009,0.002,0.05,True
700,14:52:40,0.015,0.001,0.017,0.009,0.002,5.146,True
701,14:52:40,0.035,0.003,5.106,0.015,0.003,5.165,True
702,14:52:40,0.017,0.001,0.019,0.009,0.002,0.049,True
703,14:52:41,0.013,0.001,0.015,0.008,0.001,0.039,True
704,14:52:41,0.023,0.002,0.029,0.011,0.002,0.069,True
705,14:52:41,0.018,0.001,0.03,0.01,0.002,0.063,True
706,14:52:41,0.021,0.001,0.022,0.012,0.002,0.059,True
707,14:52:41,0.016,0.001,0.019,0.01,0.002,0.05,True
708,14:52:41,0.019,0.001,0.025,0.011,0.002,0.06,True
709,14:52:41,0.016,0.001,0.028,0.01,0.002,0.058,True
710,14:52:41,0.015,0.001,0.027,0.009,0.002,0.102,True
711,14:52:41,0.04,0.003,0.046,0.015,0.004,0.109,True
712,14:52:41,0.021,0.002,0.031,0.011,0.002,0.068,True
713,14:52:42,0.018,0.001,0.03,0.01,0.002,0.061,True
714,14:52:42,0.034,0.003,0.044,0.013,0.003,0.1,True
715,14:52:42,0.023,0.002,0.027,0.01,0.002,0.066,True
716,14:52:42,0.023,0.002,0.026,0.013,0.002,0.068,True
717,14:52:42,0.018,0.001,0.027,0.01,0.002,0.059,True
718,14:52:42,0.02,0.002,0.027,0.012,0.002,0.064,True
719,14:52:42,0.016,0.001,0.029,0.01,0.002,0.058,True
720,14:52:42,0.015,0.001,0.026,0.01,0.002,0.102,True
721,14:52:42,0.038,0.003,0.047,0.014,0.003,0.107,True
722,14:52:42,0.02,0.002,0.025,0.01,0.002,0.059,True
723,14:52:43,0.055,0.004,5.11,5.094,0.004,10.269,True
724,14:52:43,0.02,0.001,5.084,5.071,0.002,10.18,True
725,14:52:43,0.016,0.001,5.084,0.012,0.002,5.115,True
726,14:52:43,0.016,0.001,0.029,0.008,0.002,0.057,True
727,14:52:43,0.017,0.001,0.018,0.008,0.002,0.047,True
728,14:52:43,0.017,0.001,0.019,0.008,0.002,0.049,True
729,14:52:43,0.016,0.001,0.02,0.009,0.002,0.049,True
730,14:52:43,0.015,0.001,0.019,0.009,0.001,0.077,True
731,14:52:43,0.038,0.003,0.047,0.013,0.003,0.107,True
732,14:52:43,0.019,0.001,0.022,0.008,0.002,0.054,True
733,14:52:44,0.031,0.003,0.036,0.01,0.002,0.083,True
734,14:52:44,0.018,0.001,0.021,0.008,0.002,0.051,True
735,14:52:44,0.015,0.001,0.017,0.008,0.002,0.044,True
736,14:52:44,0.017,0.001,0.017,0.009,0.002,0.048,True
737,14:52:44,0.017,0.001,0.017,0.01,0.002,0.048,True
738,14:52:44,0.016,0.001,0.021,0.009,0.002,0.05,True
739,14:52:44,0.017,0.001,0.017,0.009,0.002,0.047,True
740,14:52:44,0.015,0.001,0.015,0.007,0.001,0.084,True
741,14:52:44,0.039,0.003,0.048,0.013,0.003,0.108,True
742,14:52:44,0.021,0.001,0.024,0.009,0.002,0.058,True
743,14:52:45,0.031,0.002,0.037,0.011,0.003,0.085,True
744,14:52:45,0.017,0.001,0.021,0.008,0.002,0.05,True
745,14:52:45,0.015,0.001,0.016,0.007,0.002,0.042,True
746,14:52:45,0.017,0.001,0.018,0.009,0.001,0.048,True
747,14:52:45,0.015,0.001,0.025,0.009,0.002,0.053,True
748,14:52:45,0.014,0.001,5.076,0.009,0.001,5.103,True
749,14:52:45,0.015,0.001,0.019,0.008,0.001,0.045,True
750,14:52:45,0.015,0.001,0.018,0.009,0.002,0.079,True
751,14:52:45,0.038,0.004,0.05,0.014,0.004,0.112,True
752,14:52:46,0.023,0.001,0.028,0.009,0.002,0.066,True
753,14:52:46,0.027,0.002,0.033,0.011,0.003,0.077,True
754,14:52:46,0.017,0.001,0.028,0.009,0.002,0.058,True
755,14:52:46,0.015,0.001,0.016,0.01,0.002,0.045,True
756,14:52:46,0.015,0.001,0.016,0.009,0.002,0.044,True
757,14:52:46,0.015,0.001,0.015,0.009,0.002,0.043,True
758,14:52:46,0.015,0.001,0.018,0.009,0.002,0.045,True
759,14:52:46,0.016,0.001,0.021,0.009,0.002,0.049,True
760,14:52:46,0.015,0.001,0.021,0.008,0.002,0.079,True
761,14:52:46,0.039,0.003,0.051,0.019,0.004,0.119,True
762,14:52:47,0.02,0.001,0.023,0.009,0.002,0.057,True
763,14:52:47,0.021,0.001,0.025,0.01,0.002,0.061,True
764,14:52:47,0.018,0.001,0.019,0.01,0.002,0.051,True
765,14:52:47,0.017,0.001,0.017,0.01,0.001,0.047,True
766,14:52:47,0.016,0.001,0.021,0.009,0.002,0.049,True
767,14:52:47,0.015,0.001,0.029,0.008,0.002,0.055,True
768,14:52:47,0.014,0.001,0.016,0.007,0.002,0.041,True
769,14:52:47,0.016,0.001,0.016,0.01,0.001,0.045,True
770,14:52:47,0.015,0.001,5.065,0.01,0.002,11.942,True
771,14:52:47,0.032,0.003,5.113,5.033,0.004,10.186,True
772,14:52:48,0.021,0.001,0.026,0.011,0.003,0.064,True
773,14:52:48,0.029,0.002,0.035,0.012,0.003,0.082,True
774,14:52:48,0.026,0.002,0.029,0.012,0.003,0.074,True
775,14:52:48,0.02,0.002,0.043,0.035,0.002,0.103,True
776,14:52:48,0.025,0.001,0.026,0.011,0.002,0.067,True
777,14:52:48,0.019,0.002,0.035,0.037,0.003,0.096,True
778,14:52:48,0.045,0.004,0.056,0.016,0.004,0.127,True
779,14:52:48,0.037,0.003,0.044,0.014,0.003,0.102,True
780,14:52:48,0.025,0.001,0.029,0.011,0.002,0.112,True
781,14:52:48,0.052,0.004,0.052,0.019,0.004,0.133,True
782,14:52:49,0.023,0.001,0.028,0.01,0.002,0.067,True
783,14:52:49,0.031,0.003,0.038,0.013,0.003,0.089,True
784,14:52:49,0.022,0.002,0.027,0.013,0.002,0.067,True
785,14:52:49,0.02,0.001,0.021,0.012,0.002,0.058,True
786,14:52:49,0.019,0.001,0.024,0.011,0.002,0.059,True
787,14:52:49,0.018,0.001,0.019,0.012,0.002,0.054,True
788,14:52:49,0.021,0.002,0.025,0.012,0.002,0.062,True
789,14:52:49,0.02,0.001,0.025,0.011,0.002,0.061,True
790,14:52:49,0.019,0.001,0.02,0.011,0.002,0.094,True
791,14:52:49,0.046,0.004,0.057,0.016,0.004,0.129,True
792,14:52:50,0.031,0.002,0.04,0.013,0.003,0.091,True
793,14:52:50,0.029,0.003,5.091,5.08,0.003,10.208,True
794,14:52:50,0.019,0.001,0.022,0.009,0.002,0.055,True
795,14:52:50,0.016,0.001,0.021,0.008,0.002,0.049,True
796,14:52:50,0.015,0.001,0.017,0.007,0.002,0.044,True
797,14:52:50,0.015,0.001,0.015,0.012,0.14,0.185,True
798,14:52:50,0.016,0.001,0.02,0.01,0.002,0.05,True
799,14:52:50,0.016,0.001,0.017,0.008,0.002,0.044,True
800,14:52:50,0.015,0.001,0.015,0.009,0.002,0.083,True
801,14:52:50,0.043,0.004,0.053,0.014,0.004,0.12,True
802,14:52:51,0.062,0.005,0.075,0.028,0.005,0.177,True
803,14:52:51,0.022,0.002,0.023,0.011,0.002,0.061,True
804,14:52:51,0.017,0.001,0.029,0.008,0.002,0.058,True
805,14:52:51,0.017,0.001,0.021,0.009,0.002,0.051,True
806,14:52:51,0.016,0.001,0.017,0.007,0.002,0.044,True
807,14:52:51,0.015,0.001,0.018,0.008,0.002,0.045,True
808,14:52:51,0.016,0.001,0.018,0.009,0.002,0.046,True
809,14:52:51,0.015,0.001,0.016,0.009,0.002,0.043,True
810,14:52:51,0.015,0.001,0.015,0.009,0.001,0.084,True
811,14:52:51,0.033,0.003,0.042,0.013,0.003,0.096,True
812,14:52:52,0.052,0.005,0.059,0.025,0.005,0.148,True
813,14:52:52,0.018,0.002,0.02,0.011,0.002,0.054,True
814,14:52:52,0.015,0.001,0.025,0.008,0.002,0.053,True
815,14:52:52,0.017,0.001,0.021,0.009,0.002,0.052,True
816,14:52:52,0.016,0.001,0.018,0.009,0.002,0.047,True
817,14:52:52,0.016,0.001,5.082,0.01,0.002,5.112,True
818,14:52:52,0.015,0.001,5.08,0.01,0.002,5.109,True
819,14:52:52,0.017,0.001,0.022,0.009,0.001,0.051,True
820,14:52:52,0.017,0.001,0.021,0.009,0.002,0.085,True
821,14:52:52,0.037,0.003,0.045,0.012,0.003,0.103,True
822,14:52:53,0.03,0.003,0.035,0.01,0.003,0.082,True
823,14:52:53,0.032,0.003,0.036,0.011,0.003,0.086,True
824,14:52:53,0.02,0.001,0.022,0.011,0.002,0.058,True
825,14:52:53,0.017,0.001,0.018,0.01,0.002,0.05,True
826,14:52:53,0.016,0.001,0.017,0.008,0.002,0.044,True
827,14:52:53,0.014,0.001,0.016,0.008,0.002,0.042,True
828,14:52:53,0.016,0.001,0.02,0.009,0.002,0.049,True
829,14:52:53,0.017,0.001,0.028,0.008,0.002,0.058,True
830,14:52:53,0.017,0.001,0.023,0.008,0.002,0.086,True
831,14:52:53,0.035,0.003,0.042,0.012,0.003,0.096,True
832,14:52:54,0.03,0.002,0.036,0.011,0.003,0.084,True
833,14:52:54,0.029,0.002,0.034,0.009,0.002,0.078,True
834,14:52:54,0.017,0.001,0.021,0.008,0.002,0.05,True
835,14:52:54,0.017,0.001,0.017,0.009,0.002,0.047,True
836,14:52:54,0.015,0.001,0.017,0.009,0.001,0.044,True
837,14:52:54,0.014,0.001,0.015,0.01,0.002,0.043,True
838,14:52:54,0.015,0.001,0.019,0.009,0.002,0.046,True
839,14:52:54,0.017,0.001,0.018,0.009,0.002,0.048,True
840,14:52:54,0.018,0.001,0.028,0.009,0.002,10.187,True
841,14:52:54,0.031,0.002,5.104,5.072,0.003,10.215,True
842,14:52:55,0.03,0.002,0.041,0.012,0.003,0.089,True
843,14:52:55,0.022,0.001,0.025,0.013,0.002,0.065,True
844,14:52:55,0.016,0.001,0.016,0.009,0.002,0.044,True
845,14:52:55,0.016,0.001,0.026,0.008,0.002,0.053,True
846,14:52:55,0.014,0.001,0.015,0.009,0.001,0.042,True
847,14:52:55,0.014,0.001,0.015,0.009,0.002,0.042,True
848,14:52:55,0.016,0.001,0.026,0.008,0.002,0.055,True
849,14:52:55,0.015,0.001,0.016,0.009,0.001,0.043,True
850,14:52:55,0.017,0.001,0.019,0.008,0.002,0.105,True
851,14:52:55,0.041,0.003,0.051,0.014,0.003,0.115,True
852,14:52:56,0.032,0.003,0.042,0.013,0.003,0.094,True
853,14:52:56,0.019,0.001,0.019,0.01,0.002,0.052,True
854,14:52:56,0.017,0.001,0.03,0.008,0.002,0.059,True
855,14:52:56,0.016,0.001,0.015,0.009,0.002,0.044,True
856,14:52:56,0.015,0.001,0.016,0.008,0.001,0.043,True
857,14:52:56,0.014,0.001,0.02,0.008,0.001,0.046,True
858,14:52:56,0.016,0.001,0.022,0.008,0.002,0.049,True
859,14:52:56,0.015,0.001,0.016,0.007,0.001,0.041,True
860,14:52:56,0.015,0.001,0.016,0.007,0.001,0.084,True
861,14:52:56,0.04,0.004,0.049,0.016,0.003,0.114,True
862,14:52:57,0.025,0.002,0.031,0.011,0.002,0.073,True
863,14:52:57,0.02,0.001,0.03,0.011,0.002,0.064,True
864,14:52:57,0.016,0.001,0.019,0.009,0.002,0.047,True
865,14:52:57,0.015,0.001,0.02,0.008,0.002,0.046,True
866,14:52:57,0.015,0.001,0.017,0.008,0.002,0.043,True
867,14:52:57,0.015,0.001,0.015,0.008,0.001,0.041,True
868,14:52:57,0.017,0.001,0.02,0.009,0.002,0.049,True
869,14:52:57,0.026,0.002,0.028,0.01,0.002,0.069,True
870,14:52:57,0.029,0.003,0.034,0.011,0.003,0.147,True
871,14:52:58,0.038,0.003,0.045,0.013,0.003,0.105,True
872,14:52:58,0.042,0.003,0.046,0.013,0.003,0.109,True
873,14:52:58,0.041,0.003,0.063,0.027,0.003,0.139,True
874,14:52:58,0.024,0.002,0.051,0.025,0.002,0.106,True
875,14:52:58,0.017,0.001,0.021,0.008,0.002,0.05,True
876,14:52:58,0.016,0.001,0.021,0.008,0.002,0.049,True
877,14:52:58,0.016,0.001,0.016,0.008,0.002,0.044,True
878,14:52:58,0.015,0.001,0.018,0.008,0.002,0.045,True
879,14:52:58,0.015,0.001,0.018,0.008,0.002,0.044,True
880,14:52:58,0.015,0.001,0.025,0.022,0.002,0.118,True
881,14:52:59,0.037,0.003,0.044,0.013,0.003,0.101,True
882,14:52:59,0.028,0.002,0.032,0.01,0.002,0.076,True
883,14:52:59,0.018,0.001,0.019,0.01,0.002,0.052,True
884,14:52:59,0.016,0.001,0.018,0.008,0.002,0.045,True
885,14:52:59,0.016,0.001,0.017,0.01,0.001,0.046,True
886,14:52:59,0.015,0.001,0.023,0.009,0.002,0.051,True
887,14:52:59,0.015,0.001,5.081,0.009,0.002,5.108,True
888,14:52:59,0.015,0.001,0.018,0.009,0.001,0.046,True
889,14:52:59,0.016,0.001,0.016,0.009,0.001,0.044,True
890,14:52:59,0.015,0.001,0.026,0.025,0.002,0.132,True
891,14:53:00,0.037,0.003,0.045,0.013,0.003,0.104,True
892,14:53:00,0.029,0.003,0.031,0.012,0.002,0.078,True
893,14:53:00,0.016,0.001,0.017,0.01,0.002,0.047,True
894,14:53:00,0.02,0.001,0.036,0.011,0.002,0.071,True
895,14:53:00,0.018,0.001,0.019,0.012,0.002,0.054,True
896,14:53:00,0.018,0.001,0.025,0.011,0.16,0.218,True
897,14:53:00,0.02,0.002,0.027,0.01,0.002,0.062,True
898,14:53:00,0.019,0.001,0.019,0.011,0.002,0.054,True
899,14:53:00,0.019,0.002,0.026,0.01,0.002,0.059,True
900,14:53:00,0.019,0.001,0.024,0.011,0.002,0.108,True
901,14:53:01,0.045,0.004,0.056,0.018,0.004,0.129,True
902,14:53:01,0.033,0.002,0.04,0.013,0.003,0.092,True
903,14:53:01,0.021,0.002,0.029,0.011,0.002,0.067,True
904,14:53:01,0.021,0.002,0.037,0.034,0.005,0.101,True
905,14:53:01,0.02,0.001,0.027,0.014,0.002,0.067,True
906,14:53:01,0.018,0.001,0.02,0.01,0.002,0.053,True
907,14:53:01,0.016,0.001,0.017,0.01,0.002,0.048,True
908,14:53:01,0.016,0.001,0.028,0.01,0.002,0.058,True
909,14:53:01,0.015,0.001,0.031,5.056,0.002,5.106,True
910,14:53:01,0.014,0.001,0.019,0.01,0.002,5.207,True
911,14:53:02,0.033,0.003,9.786,0.015,0.003,9.842,True
912,14:53:02,0.016,0.001,0.027,0.023,0.002,0.07,True
913,14:53:02,0.015,0.001,0.015,0.007,0.001,0.041,True
914,14:53:02,0.014,0.001,0.015,0.008,0.002,0.042,True
915,14:53:02,0.013,0.001,0.016,0.008,0.001,0.04,True
916,14:53:02,0.013,0.001,0.016,0.007,0.001,0.039,True
917,14:53:02,0.014,0.001,0.013,0.007,0.002,0.037,True
918,14:53:02,0.012,0.001,0.012,0.016,0.002,0.044,True
919,14:53:02,0.014,0.001,0.013,0.007,0.002,0.037,True
920,14:53:02,0.012,0.001,0.013,0.007,0.002,1.004,True
921,14:53:03,0.045,0.003,0.063,0.015,0.003,0.132,True
922,14:53:03,0.024,0.001,0.021,0.009,0.002,0.059,True
923,14:53:03,0.016,0.001,0.03,0.008,0.002,0.064,True
924,14:53:03,0.023,0.001,0.03,0.009,0.008,0.072,True
925,14:53:03,0.016,0.001,0.03,0.008,0.002,0.065,True
926,14:53:03,0.02,0.001,0.031,0.008,0.001,0.068,True
927,14:53:03,0.02,0.001,0.019,0.008,0.001,0.05,True
928,14:53:03,0.021,0.001,0.024,0.008,0.001,0.063,True
929,14:53:03,0.021,0.001,0.019,0.009,0.002,0.053,True
930,14:53:03,0.019,0.001,0.03,0.008,0.001,0.107,True
931,14:53:04,0.04,0.003,0.065,0.015,0.003,0.129,True
932,14:53:04,0.023,0.002,0.036,0.016,0.002,0.08,True
933,14:53:04,0.017,0.001,0.021,0.009,0.002,0.053,True
934,14:53:04,0.016,0.001,0.019,0.009,0.002,0.049,True
935,14:53:04,0.023,0.001,0.029,0.008,0.002,0.07,True
936,14:53:04,0.02,0.001,0.019,0.008,0.001,0.05,True
937,14:53:04,0.018,0.001,0.029,0.007,0.001,0.057,True
938,14:53:04,0.022,0.001,0.028,0.008,0.001,0.061,True
939,14:53:04,0.023,0.001,0.025,0.009,0.001,0.06,True
940,14:53:05,0.019,0.001,0.021,0.007,0.001,0.104,True
941,14:53:05,0.045,0.003,0.062,0.014,0.003,0.129,True
942,14:53:05,0.021,0.001,0.034,0.015,0.002,0.075,True
943,14:53:05,0.017,0.001,0.038,0.015,0.002,0.074,True
944,14:53:05,0.023,0.001,0.037,0.015,0.002,0.08,True
945,14:53:05,0.024,0.001,0.03,0.008,0.002,0.071,True
946,14:53:05,0.013,0.001,0.031,0.007,0.008,0.061,True
947,14:53:05,0.018,0.001,0.021,0.007,0.001,0.047,True
948,14:53:05,0.023,0.001,0.022,0.009,0.001,0.057,True
949,14:53:05,0.023,0.001,0.028,0.008,0.002,0.069,True
950,14:53:06,0.014,0.001,0.025,0.007,0.002,0.087,True
951,14:53:06,0.045,0.003,0.063,0.015,0.003,0.131,True
952,14:53:06,0.037,0.003,0.053,0.013,0.003,0.109,True
953,14:53:06,0.027,0.007,0.03,0.015,0.002,0.083,True
954,14:53:06,0.024,0.001,0.029,0.009,0.008,0.072,True
955,14:53:06,0.018,0.001,0.03,0.014,0.002,0.066,True
956,14:53:06,0.014,0.001,0.032,0.008,0.002,0.063,True
957,14:53:06,0.012,0.001,0.013,0.008,0.001,0.036,True
958,14:53:06,0.023,0.001,0.026,0.008,0.002,0.061,True
959,14:53:06,0.019,0.001,0.015,0.008,0.001,0.045,True
960,14:53:07,0.015,0.001,0.036,0.016,0.002,0.911,True
961,14:53:07,0.041,0.004,0.052,0.016,0.004,0.12,True
962,14:53:07,0.026,0.002,0.032,0.012,0.003,0.078,True
963,14:53:07,0.021,0.002,0.03,0.011,0.002,0.067,True
964,14:53:07,0.016,0.001,0.03,0.01,0.002,0.062,True
965,14:53:07,0.015,0.001,0.016,0.011,0.002,0.047,True
966,14:53:07,0.014,0.001,0.027,0.01,0.002,0.055,True
967,14:53:07,0.015,0.001,0.024,0.009,0.002,0.051,True
968,14:53:07,0.018,0.001,0.02,0.012,0.002,0.055,True
969,14:53:07,0.016,0.001,0.026,0.012,0.002,0.058,True
970,14:53:08,0.015,0.001,0.016,0.011,0.002,0.082,True
971,14:53:08,0.048,0.004,0.054,0.017,0.004,0.129,True
972,14:53:08,0.019,0.001,0.02,0.011,0.001,0.055,True
973,14:53:08,0.016,0.001,0.018,0.009,0.002,0.047,True
974,14:53:08,0.015,0.001,0.017,0.01,0.002,0.044,True
975,14:53:08,0.014,0.001,0.015,0.009,0.002,0.041,True
976,14:53:08,0.016,0.001,0.024,0.01,0.002,0.053,True
977,14:53:08,0.014,0.001,0.016,0.01,0.002,0.043,True
978,14:53:08,0.016,0.001,0.021,0.011,0.002,0.052,True
979,14:53:08,0.016,0.001,0.039,0.01,0.002,0.068,True
980,14:53:09,0.025,0.002,0.038,5.089,0.004,10.292,True
981,14:53:09,0.032,0.003,0.046,0.013,0.003,0.098,True
982,14:53:09,0.019,0.001,0.023,0.011,0.002,0.058,True
983,14:53:09,0.016,0.001,0.019,0.008,0.002,0.048,True
984,14:53:09,0.016,0.001,0.017,0.01,0.001,0.047,True
985,14:53:09,0.015,0.001,0.015,0.009,0.002,0.042,True
986,14:53:09,0.017,0.001,0.017,0.01,0.002,0.047,True
987,14:53:09,0.017,0.001,0.019,0.009,0.002,0.049,True
988,14:53:09,0.016,0.001,0.017,0.007,0.001,0.043,True
989,14:53:09,0.015,0.001,0.018,0.009,0.001,0.046,True
990,14:53:10,0.025,0.002,0.03,0.01,0.002,0.121,True
991,14:53:10,0.034,0.003,0.043,0.012,0.003,0.097,True
992,14:53:10,0.02,0.002,0.022,0.008,0.002,0.055,True
993,14:53:10,0.02,0.001,0.019,0.008,0.002,0.051,True
994,14:53:10,0.016,0.001,0.017,0.02,0.002,0.057,True
995,14:53:10,0.015,0.001,0.015,0.009,0.155,0.197,True
996,14:53:10,0.016,0.002,0.021,0.008,0.001,0.049,True
997,14:53:10,0.013,0.001,0.013,0.009,0.001,0.038,True
998,14:53:10,0.015,0.001,0.016,0.009,0.002,0.045,True
999,14:53:10,0.013,0.001,0.014,0.007,0.002,0.038,True
1000,14:53:11,0.022,0.002,0.025,0.01,0.002,0.099,True
1001,14:53:11,0.031,0.002,0.037,0.012,0.003,0.087,True
1002,14:53:11,0.017,0.002,0.021,0.009,0.002,0.052,True
1003,14:53:11,0.016,0.001,0.024,0.012,0.002,0.056,True
1004,14:53:11,0.016,0.001,0.016,0.008,0.002,0.044,True
1005,14:53:11,0.013,0.001,0.013,0.007,0.001,0.037,True
1006,14:53:11,0.011,0.001,0.013,0.007,0.001,0.035,True
1007,14:53:11,0.012,0.001,0.012,0.006,0.001,0.032,True
1008,14:53:11,0.014,0.001,0.015,0.007,0.002,0.039,True
1009,14:53:11,0.013,0.001,0.013,0.007,0.001,0.036,True
1010,14:53:12,0.019,0.002,0.022,0.009,0.002,0.089,True
1011,14:53:12,0.038,0.003,0.049,0.014,0.003,0.109,True
1012,14:53:12,0.017,0.001,0.026,0.01,0.002,0.056,True
1013,14:53:12,0.016,0.001,0.018,0.009,0.002,0.047,True
1014,14:53:12,0.017,0.002,0.022,0.009,0.002,0.053,True
1015,14:53:12,0.013,0.001,0.018,0.009,0.001,0.043,True
1016,14:53:12,0.012,0.001,0.012,0.007,0.001,0.033,True
1017,14:53:12,0.011,0.001,0.013,0.007,0.001,0.034,True
1018,14:53:12,0.015,0.001,0.02,0.009,0.002,0.048,True
1019,14:53:13,0.014,0.001,0.015,0.008,0.001,0.04,True
1020,14:53:13,0.02,0.002,0.023,0.01,0.002,0.103,True
1021,14:53:13,0.036,0.003,0.045,0.012,0.003,0.101,True
1022,14:53:13,0.017,0.001,0.021,0.008,0.002,0.05,True
1023,14:53:13,0.017,0.001,0.017,0.009,0.002,0.047,True
1024,14:53:13,0.016,0.001,0.016,0.008,0.002,0.043,True
1025,14:53:13,0.013,0.001,0.023,0.009,0.001,0.048,True
1026,14:53:13,0.015,0.001,5.083,0.01,0.002,5.113,True
1027,14:53:13,0.015,0.001,0.019,0.009,0.002,0.047,True
1028,14:53:13,0.015,0.001,0.017,0.009,0.002,0.045,True
1029,14:53:14,0.016,0.001,0.017,0.011,0.002,0.048,True
1030,14:53:14,0.022,0.002,0.025,0.013,0.002,0.107,True
1031,14:53:14,0.038,0.003,0.047,0.014,0.003,0.107,True
1032,14:53:14,0.022,0.001,0.028,0.013,0.003,0.069,True
1033,14:53:14,0.022,0.001,0.021,0.011,0.002,0.058,True
1034,14:53:14,0.021,0.002,0.021,0.01,0.002,0.058,True
1035,14:53:14,0.016,0.001,0.019,0.01,0.002,0.05,True
1036,14:53:14,0.017,0.001,0.021,0.009,0.002,0.052,True
1037,14:53:14,0.018,0.001,0.025,0.011,0.002,0.058,True
1038,14:53:14,0.018,0.001,0.025,0.011,0.002,0.058,True
1039,14:53:15,0.016,0.001,0.017,0.009,0.002,0.046,True
1040,14:53:15,0.023,0.002,0.031,0.011,0.002,0.113,True
1041,14:53:15,0.046,0.003,0.071,0.029,0.003,0.155,True
1042,14:53:15,0.026,0.002,0.026,0.011,0.002,0.069,True
1043,14:53:15,0.021,0.002,0.02,0.01,0.002,0.056,True
1044,14:53:15,0.023,0.002,0.022,0.01,0.002,0.059,True
1045,14:53:15,0.017,0.001,0.019,0.009,0.002,0.049,True
1046,14:53:15,0.015,0.001,0.015,0.009,0.002,0.043,True
1047,14:53:15,0.019,0.001,0.026,0.01,0.002,0.059,True
1048,14:53:15,0.019,0.002,0.028,0.01,0.002,0.062,True
1049,14:53:16,0.015,0.001,0.026,0.01,0.002,0.055,True
1050,14:53:16,0.018,0.002,5.088,5.12,0.002,15.353,True
1051,14:53:16,0.033,0.003,0.048,0.016,0.003,0.105,True
1052,14:53:16,0.023,0.002,0.04,0.019,0.002,0.087,True
1053,14:53:16,0.017,0.002,0.017,0.007,0.002,0.045,True
1054,14:53:16,0.015,0.001,0.018,0.008,0.002,0.044,True
1055,14:53:16,0.015,0.001,0.015,0.007,0.001,0.041,True
1056,14:53:16,0.013,0.001,0.016,0.007,0.001,0.039,True
1057,14:53:16,0.019,0.002,0.018,0.008,0.002,0.05,True
1058,14:53:16,0.015,0.001,0.016,0.01,0.001,0.043,True
1059,14:53:17,0.018,0.001,0.02,0.009,0.002,0.053,True
1060,14:53:17,0.013,0.001,0.013,0.007,0.001,0.077,True
1061,14:53:17,0.028,0.002,0.039,0.01,0.002,0.083,True
1062,14:53:17,0.022,0.001,0.024,0.01,0.002,0.061,True
1063,14:53:17,0.013,0.001,0.015,0.009,0.001,0.04,True
1064,14:53:17,0.014,0.001,0.016,0.008,0.002,0.042,True
1065,14:53:17,0.013,0.001,0.013,0.009,0.001,0.038,True
1066,14:53:17,0.012,0.001,0.012,0.008,0.001,0.035,True
1067,14:53:17,0.015,0.001,0.019,0.009,0.001,0.045,True
1068,14:53:17,0.013,0.001,0.016,0.007,0.002,0.039,True
1069,14:53:18,0.018,0.002,0.021,0.01,0.002,0.054,True
1070,14:53:18,0.023,0.003,0.029,0.009,0.002,0.117,True
1071,14:53:18,0.028,0.003,0.036,0.011,0.002,0.082,True
1072,14:53:18,0.02,0.002,0.026,0.01,0.002,0.06,True
1073,14:53:18,0.016,0.001,0.019,0.009,0.002,0.048,True
1074,14:53:18,0.017,0.001,0.015,0.008,0.002,0.043,True
1075,14:53:18,0.014,0.001,0.014,0.007,0.002,0.039,True
1076,14:53:18,0.012,0.001,0.013,0.007,0.002,0.035,True
1077,14:53:18,0.017,0.001,0.02,0.008,0.002,0.049,True
1078,14:53:18,0.014,0.001,0.024,0.008,0.001,0.048,True
1079,14:53:19,0.02,0.002,0.024,0.011,0.002,0.059,True
1080,14:53:19,0.017,0.001,0.023,0.008,0.002,0.086,True
1081,14:53:19,0.042,0.003,0.064,0.027,0.003,0.14,True
1082,14:53:19,0.023,0.001,0.025,0.009,0.002,0.062,True
1083,14:53:19,0.017,0.001,0.019,0.008,0.002,0.048,True
1084,14:53:19,0.015,0.001,0.016,0.008,0.002,0.041,True
1085,14:53:19,0.013,0.001,0.015,0.007,0.001,0.039,True
1086,14:53:19,0.012,0.001,0.016,0.007,0.001,0.038,True
1087,14:53:19,0.015,0.001,0.018,0.008,0.002,0.044,True
1088,14:53:19,0.013,0.001,0.013,0.007,0.001,0.037,True
1089,14:53:20,0.02,0.002,0.027,0.009,0.002,0.061,True
1090,14:53:20,0.014,0.001,0.02,0.008,0.002,0.088,True
1091,14:53:20,0.035,0.003,0.042,0.012,0.003,0.096,True
1092,14:53:20,0.02,0.001,0.024,0.009,0.002,0.057,True
1093,14:53:20,0.018,0.001,0.019,0.01,0.002,0.051,True
1094,14:53:20,0.014,0.001,0.017,0.008,0.139,0.181,True
1095,14:53:20,0.016,0.001,5.077,0.011,0.002,5.107,True
1096,14:53:20,0.014,0.001,0.021,0.009,0.001,0.048,True
1097,14:53:20,0.015,0.001,0.018,0.009,0.002,0.045,True
1098,14:53:21,0.013,0.001,0.014,0.007,0.001,0.037,True
1099,14:53:21,0.023,0.002,0.027,0.013,0.002,0.069,True
1100,14:53:21,0.017,0.001,0.024,0.009,0.002,0.104,True
1101,14:53:21,0.041,0.003,0.049,0.015,0.004,0.114,True
1102,14:53:21,0.038,0.002,0.049,0.039,0.003,0.133,True
1103,14:53:21,0.022,0.001,0.024,0.011,0.002,0.062,True
1104,14:53:21,0.021,0.002,0.02,0.01,0.002,0.056,True
1105,14:53:21,0.016,0.001,0.029,0.027,0.002,0.077,True
1106,14:53:21,0.019,0.001,0.019,0.012,0.002,0.055,True
1107,14:53:21,0.017,0.001,0.02,0.011,0.002,0.052,True
1108,14:53:22,0.016,0.001,0.016,0.01,0.002,0.045,True
1109,14:53:22,0.021,0.002,0.026,0.01,0.002,0.062,True
1110,14:53:22,0.015,0.001,0.018,0.01,0.002,0.111,True
1111,14:53:22,0.047,0.004,0.05,0.014,0.003,0.12,True
1112,14:53:22,0.026,0.002,0.03,0.012,0.003,0.072,True
1113,14:53:22,0.014,0.001,0.015,0.007,0.001,0.039,True
1114,14:53:22,0.013,0.001,0.012,0.007,0.001,0.035,True
1115,14:53:22,0.011,0.001,0.011,0.008,0.001,0.033,True
1116,14:53:22,0.014,0.001,0.017,0.008,0.001,0.042,True
1117,14:53:22,0.015,0.001,0.016,0.009,0.002,0.043,True
1118,14:53:23,0.013,0.001,0.017,0.008,0.002,0.042,True
1119,14:53:23,0.018,0.001,0.023,0.01,0.002,0.055,True
1120,14:53:23,0.013,0.001,0.016,0.008,0.001,0.823,True
1121,14:53:23,0.034,0.003,0.04,0.013,0.003,0.094,True
1122,14:53:23,0.016,0.001,0.028,0.009,0.001,0.057,True
1123,14:53:23,0.016,0.001,0.021,0.008,0.002,0.05,True
1124,14:53:23,0.014,0.001,0.023,0.008,0.001,0.049,True
1125,14:53:23,0.012,0.001,0.021,0.008,0.001,0.044,True
1126,14:53:23,0.015,0.001,0.016,0.01,0.002,0.045,True
1127,14:53:23,0.016,0.001,0.018,0.01,0.001,0.049,True
1128,14:53:24,0.018,0.001,0.019,0.01,0.002,0.05,True
1129,14:53:24,0.025,0.002,0.033,0.01,0.002,0.073,True
1130,14:53:24,0.019,0.001,0.017,0.008,0.002,0.081,True
1131,14:53:24,0.035,0.003,0.04,0.012,0.003,0.094,True
1132,14:53:24,0.02,0.001,0.021,0.008,0.002,0.052,True
1133,14:53:24,0.015,0.001,0.02,0.009,0.002,0.047,True
1134,14:53:24,0.015,0.001,0.016,0.007,0.002,0.043,True
1135,14:53:24,0.013,0.001,0.015,0.03,0.002,0.061,True
1136,14:53:24,0.017,0.001,0.017,0.008,0.001,0.046,True
1137,14:53:24,0.016,0.001,0.015,0.007,0.001,0.042,True
1138,14:53:25,0.02,0.002,0.024,0.009,0.002,0.057,True
1139,14:53:25,0.016,0.001,0.016,0.008,0.002,0.044,True
1140,14:53:25,0.016,0.001,0.018,0.008,0.002,0.102,True
1141,14:53:25,0.032,0.003,0.04,0.012,0.002,0.091,True
1142,14:53:25,0.02,0.002,0.025,0.01,0.002,0.059,True
1143,14:53:25,0.015,0.001,0.018,0.009,0.001,0.045,True
1144,14:53:25,0.014,0.001,0.016,0.008,0.002,0.041,True
1145,14:53:25,0.015,0.001,0.014,0.007,0.001,0.04,True
1146,14:53:25,0.014,0.001,0.018,0.008,0.001,0.044,True
1147,14:53:25,0.015,0.001,0.015,0.01,0.001,0.043,True
1148,14:53:26,0.016,0.001,0.018,0.007,0.002,0.046,True
1149,14:53:26,0.013,0.001,0.024,0.007,0.001,0.047,True
1150,14:53:26,0.012,0.001,0.02,0.007,0.001,0.079,True
1151,14:53:26,0.04,0.003,0.05,0.026,0.003,0.125,True
1152,14:53:26,0.031,0.002,0.041,0.012,0.002,0.09,True
1153,14:53:26,0.027,0.002,0.037,0.011,0.002,0.081,True
1154,14:53:26,0.016,0.001,0.017,0.008,0.002,0.045,True
1155,14:53:26,0.012,0.001,0.013,0.01,0.001,0.038,True
1156,14:53:26,0.016,0.001,0.018,0.018,0.002,0.056,True
1157,14:53:26,0.013,0.001,0.024,0.008,0.001,0.049,True
1158,14:53:27,0.021,0.002,0.026,0.009,0.002,0.061,True
1159,14:53:27,0.017,0.001,0.019,0.01,0.002,0.05,True
1160,14:53:27,0.013,0.001,0.023,0.008,0.001,0.089,True
1161,14:53:27,0.033,0.002,0.04,0.013,0.002,0.091,True
1162,14:53:27,0.023,0.002,0.03,0.011,0.002,0.07,True
1163,14:53:27,0.016,0.001,0.037,0.01,0.002,0.067,True
1164,14:53:27,0.016,0.001,0.03,0.01,0.002,0.06,True
1165,14:53:27,0.014,0.001,10.142,0.014,0.002,10.174,True
1166,14:53:27,0.016,0.001,0.022,0.009,0.002,0.051,True
1167,14:53:28,0.016,0.001,0.015,0.007,0.002,0.042,True
1168,14:53:28,0.026,0.002,0.028,0.011,0.002,0.071,True
1169,14:53:28,0.015,0.001,0.017,0.008,0.002,0.044,True
1170,14:53:28,0.014,0.001,0.025,0.008,0.001,0.092,True
1171,14:53:28,0.032,0.003,0.038,0.012,0.003,0.089,True
1172,14:53:28,0.018,0.001,0.021,0.009,0.002,0.052,True
1173,14:53:28,0.013,0.001,0.016,0.007,0.001,0.039,True
1174,14:53:28,0.012,0.001,0.012,0.006,0.001,0.033,True
1175,14:53:28,0.011,0.001,0.012,0.007,0.001,0.033,True
1176,14:53:28,0.015,0.001,0.018,0.009,0.001,0.045,True
1177,14:53:29,0.013,0.001,0.022,0.007,0.001,0.046,True
1178,14:53:29,0.032,0.002,0.038,0.012,0.003,0.088,True
1179,14:53:29,0.015,0.001,0.021,0.008,0.001,0.048,True
1180,14:53:29,0.015,0.001,0.02,0.008,0.001,0.08,True
1181,14:53:29,0.037,0.003,0.045,0.013,0.003,0.102,True
1182,14:53:29,0.039,0.004,0.049,0.025,0.003,0.122,True
1183,14:53:29,0.034,0.003,0.043,0.013,0.003,0.098,True
1184,14:53:29,0.025,0.002,0.03,0.01,0.002,0.071,True
1185,14:53:29,0.018,0.001,0.02,0.01,0.002,0.053,True
1186,14:53:29,0.016,0.001,0.021,0.008,0.002,0.05,True
1187,14:53:30,0.014,0.001,0.019,0.009,0.002,0.045,True
1188,14:53:30,0.031,0.003,5.095,0.014,0.003,5.147,True
1189,14:53:30,0.014,0.001,10.148,0.009,0.002,10.175,True
1190,14:53:30,0.016,0.001,0.021,0.008,0.002,0.091,True
1191,14:53:30,0.04,0.003,0.047,0.013,0.003,0.109,True
1192,14:53:30,0.02,0.001,0.025,0.009,0.002,0.059,True
1193,14:53:30,0.014,0.001,0.015,0.009,0.134,0.175,True
1194,14:53:30,0.017,0.001,0.026,0.009,0.002,0.057,True
1195,14:53:30,0.016,0.001,0.017,0.011,0.001,0.048,True
1196,14:53:30,0.016,0.001,0.018,0.008,0.001,0.046,True
1197,14:53:31,0.017,0.001,0.021,0.009,0.001,0.05,True
1198,14:53:31,0.029,0.003,0.033,0.011,0.003,0.08,True
1199,14:53:31,0.018,0.001,0.022,0.009,0.002,0.053,True
1200,14:53:31,0.016,0.001,0.021,0.009,0.001,0.092,True
1201,14:53:31,0.038,0.004,0.045,0.013,0.003,0.105,True
1202,14:53:31,0.026,0.001,0.027,0.01,0.002,0.068,True
1203,14:53:31,0.016,0.001,0.018,0.008,0.002,0.046,True
1204,14:53:31,0.018,0.001,0.02,0.008,0.002,0.05,True
1205,14:53:31,0.017,0.001,0.018,0.01,0.001,0.049,True
1206,14:53:31,0.016,0.001,0.019,0.009,0.002,0.047,True
1207,14:53:32,0.016,0.001,0.029,0.008,0.002,0.057,True
1208,14:53:32,0.034,0.003,0.037,0.011,0.003,0.091,True
1209,14:53:32,0.02,0.001,0.019,0.008,0.002,0.052,True
1210,14:53:32,0.018,0.001,0.019,0.008,0.002,0.081,True
1211,14:53:32,0.034,0.003,0.043,0.014,0.003,0.099,True
1212,14:53:32,0.02,0.001,0.026,0.01,0.002,0.06,True
1213,14:53:32,0.022,0.001,0.019,0.009,0.002,0.055,True
1214,14:53:32,0.015,0.001,0.018,0.009,0.002,0.045,True
1215,14:53:32,0.023,0.002,0.025,0.011,0.002,0.063,True
1216,14:53:32,0.02,0.001,0.022,0.013,0.002,0.06,True
